{"RPT":{"ScanTime":"0.04 sec.","ScanFile":"r3dp_localhost_DB_Mike_49037ceca7232b451995_20190108233754_scan.json","Warnings":0,"Success":6},"SRV":{"PHP":{"websrv":true,"openbase":true,"maxtime":true,"mysqli":true,"version":true,"ALL":"Good"},"WP":{"version":true,"core":true,"ismu":false,"ALL":"Good"}},"ARC":{"Size":"0B","DirCount":"0","FileCount":"0","FullCount":"0","FilterDirsAll":["C:\/wamp64\/www\/R3DP\/wp-content\/ai1wm-backups","C:\/wamp64\/www\/R3DP\/wp-content\/backups-dup-pro","C:\/wamp64\/www\/R3DP\/wp-content\/backupwordpress","C:\/wamp64\/www\/R3DP\/wp-content\/cache","C:\/wamp64\/www\/R3DP\/wp-content\/content\/cache","C:\/wamp64\/www\/R3DP\/wp-content\/contents\/cache","C:\/wamp64\/www\/R3DP\/wp-content\/infinitewp\/backups","C:\/wamp64\/www\/R3DP\/wp-content\/managewp\/backups","C:\/wamp64\/www\/R3DP\/wp-content\/old-cache","C:\/wamp64\/www\/R3DP\/wp-content\/plugins\/all-in-one-wp-migration\/storage","C:\/wamp64\/www\/R3DP\/wp-content\/updraft","C:\/wamp64\/www\/R3DP\/wp-content\/uploads\/aiowps_backups","C:\/wamp64\/www\/R3DP\/wp-content\/uploads\/backupbuddy_backups","C:\/wamp64\/www\/R3DP\/wp-content\/uploads\/backupbuddy_temp","C:\/wamp64\/www\/R3DP\/wp-content\/uploads\/ithemes-security\/backups","C:\/wamp64\/www\/R3DP\/wp-content\/uploads\/mainwp\/backup","C:\/wamp64\/www\/R3DP\/wp-content\/uploads\/pb_backupbuddy","C:\/wamp64\/www\/R3DP\/wp-content\/uploads\/snapshots","C:\/wamp64\/www\/R3DP\/wp-content\/uploads\/sucuri","C:\/wamp64\/www\/R3DP\/wp-content\/uploads\/wp-clone","C:\/wamp64\/www\/R3DP\/wp-content\/uploads\/wp_all_backup","C:\/wamp64\/www\/R3DP\/wp-content\/uploads\/wpbackitup_backups","C:\/wamp64\/www\/R3DP\/wp-content\/wfcache","C:\/wamp64\/www\/R3DP\/wp-content\/wishlist-backup","C:\/wamp64\/www\/R3DP\/wp-snapshots"],"FilterFilesAll":["error_log","error.log","debug_log","ws_ftp.log","dbcache","pgcache","objectcache",".DS_Store","C:\/wamp64\/www\/R3DP\/.htaccess","C:\/wamp64\/www\/R3DP\/web.config","C:\/wamp64\/www\/R3DP\/wp-config.php"],"FilterExtsAll":[],"FilterInfo":{"Dirs":{"Warning":[],"Unreadable":[],"Core":["C:\/wamp64\/www\/R3DP\/wp-snapshots","C:\/wamp64\/www\/R3DP\/wp-content\/backups-dup-pro","C:\/wamp64\/www\/R3DP\/wp-content\/ai1wm-backups","C:\/wamp64\/www\/R3DP\/wp-content\/backupwordpress","C:\/wamp64\/www\/R3DP\/wp-content\/content\/cache","C:\/wamp64\/www\/R3DP\/wp-content\/contents\/cache","C:\/wamp64\/www\/R3DP\/wp-content\/infinitewp\/backups","C:\/wamp64\/www\/R3DP\/wp-content\/managewp\/backups","C:\/wamp64\/www\/R3DP\/wp-content\/old-cache","C:\/wamp64\/www\/R3DP\/wp-content\/plugins\/all-in-one-wp-migration\/storage","C:\/wamp64\/www\/R3DP\/wp-content\/updraft","C:\/wamp64\/www\/R3DP\/wp-content\/wishlist-backup","C:\/wamp64\/www\/R3DP\/wp-content\/wfcache","C:\/wamp64\/www\/R3DP\/wp-content\/cache","C:\/wamp64\/www\/R3DP\/wp-content\/uploads\/aiowps_backups","C:\/wamp64\/www\/R3DP\/wp-content\/uploads\/backupbuddy_temp","C:\/wamp64\/www\/R3DP\/wp-content\/uploads\/backupbuddy_backups","C:\/wamp64\/www\/R3DP\/wp-content\/uploads\/ithemes-security\/backups","C:\/wamp64\/www\/R3DP\/wp-content\/uploads\/mainwp\/backup","C:\/wamp64\/www\/R3DP\/wp-content\/uploads\/pb_backupbuddy","C:\/wamp64\/www\/R3DP\/wp-content\/uploads\/snapshots","C:\/wamp64\/www\/R3DP\/wp-content\/uploads\/sucuri","C:\/wamp64\/www\/R3DP\/wp-content\/uploads\/wp-clone","C:\/wamp64\/www\/R3DP\/wp-content\/uploads\/wp_all_backup","C:\/wamp64\/www\/R3DP\/wp-content\/uploads\/wpbackitup_backups"],"Global":[],"Instance":[]},"Files":{"Size":[],"Warning":[],"Unreadable":[],"Core":[],"Global":["error_log","error.log","debug_log","ws_ftp.log","dbcache","pgcache","objectcache",".DS_Store"],"Instance":[]},"Exts":{"Core":[],"Global":[],"Instance":[]},"UDirCount":0,"UFileCount":0,"UExtCount":0,"TreeSize":[],"TreeWarning":[]},"RecursiveLinks":[],"UnreadableItems":[],"Status":{"Size":"Good","Names":"Good","UnreadableItems":"Good","AddonSites":"Good"},"Dirs":[],"Files":[]},"DB":{"Status":{"Success":true,"DB_Case":"Good","DB_Rows":"Good","DB_Size":"Good","TBL_Case":"Good","TBL_Rows":"Good","TBL_Size":"Good"},"Size":"5.11MB","Rows":"4,370","TableCount":35,"TableList":{"wp_commentmeta":{"Case":0,"Rows":"25","Size":"48KB","USize":49152},"wp_comments":{"Case":0,"Rows":"11","Size":"112KB","USize":114688},"wp_duplicator_packages":{"Case":0,"Rows":"0","Size":"32KB","USize":32768},"wp_links":{"Case":0,"Rows":"0","Size":"32KB","USize":32768},"wp_options":{"Case":0,"Rows":"348","Size":"2.19MB","USize":2293760},"wp_postmeta":{"Case":0,"Rows":"2,713","Size":"640KB","USize":655360},"wp_posts":{"Case":0,"Rows":"535","Size":"560KB","USize":573440},"wp_revslider_css":{"Case":0,"Rows":"109","Size":"128KB","USize":131072},"wp_revslider_layer_animations":{"Case":0,"Rows":"0","Size":"16KB","USize":16384},"wp_revslider_navigations":{"Case":0,"Rows":"0","Size":"16KB","USize":16384},"wp_revslider_sliders":{"Case":0,"Rows":"7","Size":"128KB","USize":131072},"wp_revslider_slides":{"Case":0,"Rows":"9","Size":"320KB","USize":327680},"wp_revslider_static_slides":{"Case":0,"Rows":"0","Size":"16KB","USize":16384},"wp_term_relationships":{"Case":0,"Rows":"141","Size":"32KB","USize":32768},"wp_term_taxonomy":{"Case":0,"Rows":"219","Size":"48KB","USize":49152},"wp_termmeta":{"Case":0,"Rows":"6","Size":"48KB","USize":49152},"wp_terms":{"Case":0,"Rows":"219","Size":"48KB","USize":49152},"wp_usermeta":{"Case":0,"Rows":"27","Size":"48KB","USize":49152},"wp_users":{"Case":0,"Rows":"0","Size":"64KB","USize":65536},"wp_wc_download_log":{"Case":0,"Rows":"0","Size":"48KB","USize":49152},"wp_wc_webhooks":{"Case":0,"Rows":"0","Size":"32KB","USize":32768},"wp_woocommerce_api_keys":{"Case":0,"Rows":"0","Size":"48KB","USize":49152},"wp_woocommerce_attribute_taxonomies":{"Case":0,"Rows":"0","Size":"32KB","USize":32768},"wp_woocommerce_downloadable_product_permissions":{"Case":0,"Rows":"0","Size":"64KB","USize":65536},"wp_woocommerce_log":{"Case":0,"Rows":"0","Size":"32KB","USize":32768},"wp_woocommerce_order_itemmeta":{"Case":0,"Rows":"0","Size":"48KB","USize":49152},"wp_woocommerce_order_items":{"Case":0,"Rows":"0","Size":"32KB","USize":32768},"wp_woocommerce_payment_tokenmeta":{"Case":0,"Rows":"0","Size":"48KB","USize":49152},"wp_woocommerce_payment_tokens":{"Case":0,"Rows":"0","Size":"32KB","USize":32768},"wp_woocommerce_sessions":{"Case":0,"Rows":"1","Size":"32KB","USize":32768},"wp_woocommerce_shipping_zone_locations":{"Case":0,"Rows":"0","Size":"48KB","USize":49152},"wp_woocommerce_shipping_zone_methods":{"Case":0,"Rows":"0","Size":"16KB","USize":16384},"wp_woocommerce_shipping_zones":{"Case":0,"Rows":"0","Size":"16KB","USize":16384},"wp_woocommerce_tax_rate_locations":{"Case":0,"Rows":"0","Size":"48KB","USize":49152},"wp_woocommerce_tax_rates":{"Case":0,"Rows":"0","Size":"80KB","USize":81920}},"RawSize":5357568},"LL":{"TotalSize":"5.11MB","Status":{"TotalSize":"Good"}}}